log_id,rice_id,integration_name,integration_identifier,integration_version,instance_id,invoked_by,service_instance_name,oic_base_url,integration_status,log_timestamp,db_user,login_role,database_name,client_ip,client_port,server_ip,server_port,backend_pid,application_name
10,OC_SPB_IN_001,OC_SPB_IN_001_Validate_Data,OC_SPB_IN_001_VALID_DATA,01.00.0000,yhng24tkEfG5afcGVCuQhA,98573627-ora021,oic98573627-ocuocictrng30-ld,https://oic98573627-ocuocictrng30-ld.integration.uk-london-1.ocp.oraclecloud.com,STARTED,2026-07-29 21:17:31.214652,postgres,postgres,postgres,2406:da14:271:9902:56bb:1ef9:9329:dbff,56652,2406:da14:1772:ea00:4e52:d3e0:afd8:5271,5432,480520,PostgreSQL JDBC Driver
11,OC_SPB_IN_001,OC_SPB_IN_001_Validate_Data,OC_SPB_IN_001_VALID_DATA,01.00.0000,yhng24tkEfG5afcGVCuQhA,98573627-ora021,oic98573627-ocuocictrng30-ld,https://oic98573627-ocuocictrng30-ld.integration.uk-london-1.ocp.oraclecloud.com,ENDED,2026-07-29 21:18:22.285375,postgres,postgres,postgres,2406:da14:271:9902:56bb:1ef9:9329:dbff,56652,2406:da14:1772:ea00:4e52:d3e0:afd8:5271,5432,480520,PostgreSQL JDBC Driver
12,OC_SPB_IN_001,OC_SPB_IN_001_Validate_Data,OC_SPB_IN_001_VALID_DATA,01.00.0000,fuKzs4tlEfG5afcGVCuQhA,98573627-ora021,oic98573627-ocuocictrng30-ld,https://oic98573627-ocuocictrng30-ld.integration.uk-london-1.ocp.oraclecloud.com,STARTED,2026-07-29 21:22:32.34196,postgres,postgres,postgres,2406:da14:271:9902:56bb:1ef9:9329:dbff,56652,2406:da14:1772:ea00:4e52:d3e0:afd8:5271,5432,480520,PostgreSQL JDBC Driver
13,OC_SPB_IN_001,OC_SPB_IN_001_Validate_Data,OC_SPB_IN_001_VALID_DATA,01.00.0000,fuKzs4tlEfG5afcGVCuQhA,98573627-ora021,oic98573627-ocuocictrng30-ld,https://oic98573627-ocuocictrng30-ld.integration.uk-london-1.ocp.oraclecloud.com,ENDED,2026-07-29 21:23:22.194397,postgres,postgres,postgres,2406:da14:271:9902:56bb:1ef9:9329:dbff,56652,2406:da14:1772:ea00:4e52:d3e0:afd8:5271,5432,480520,PostgreSQL JDBC Driver
14,OC_SPB_IN_001,OC_SPB_IN_001_Validate_Data,OC_SPB_IN_001_VALID_DATA,01.00.0000,7d7feotlEfG5afcGVCuQhA,98573627-ora021,oic98573627-ocuocictrng30-ld,https://oic98573627-ocuocictrng30-ld.integration.uk-london-1.ocp.oraclecloud.com,STARTED,2026-07-29 21:25:32.832152,postgres,postgres,postgres,2406:da14:271:9902:56bb:1ef9:9329:dbff,56652,2406:da14:1772:ea00:4e52:d3e0:afd8:5271,5432,480520,PostgreSQL JDBC Driver
15,OC_SPB_IN_001,OC_SPB_IN_001_Validate_Data,OC_SPB_IN_001_VALID_DATA,01.00.0000,7d7feotlEfG5afcGVCuQhA,98573627-ora021,oic98573627-ocuocictrng30-ld,https://oic98573627-ocuocictrng30-ld.integration.uk-london-1.ocp.oraclecloud.com,ENDED,2026-07-29 21:25:35.434687,postgres,postgres,postgres,2406:da14:271:9902:56bb:1ef9:9329:dbff,56652,2406:da14:1772:ea00:4e52:d3e0:afd8:5271,5432,480520,PostgreSQL JDBC Driver
16,OC_SPB_IN_001,OC_SPB_IN_001_Validate_Data,OC_SPB_IN_001_VALID_DATA,01.00.0000,-YsncotlEfGAZaWl2uk7sw,98573627-ora021,oic98573627-ocuocictrng30-ld,https://oic98573627-ocuocictrng30-ld.integration.uk-london-1.ocp.oraclecloud.com,STARTED,2026-07-29 21:25:52.315177,postgres,postgres,postgres,2406:da14:271:9902:56bb:1ef9:9329:dbff,56652,2406:da14:1772:ea00:4e52:d3e0:afd8:5271,5432,480520,PostgreSQL JDBC Driver
17,OC_SPB_IN_001,OC_SPB_IN_001_Validate_Data,OC_SPB_IN_001_VALID_DATA,01.00.0000,-YsncotlEfGAZaWl2uk7sw,98573627-ora021,oic98573627-ocuocictrng30-ld,https://oic98573627-ocuocictrng30-ld.integration.uk-london-1.ocp.oraclecloud.com,ENDED,2026-07-29 21:25:54.460977,postgres,postgres,postgres,2406:da14:271:9902:56bb:1ef9:9329:dbff,56652,2406:da14:1772:ea00:4e52:d3e0:afd8:5271,5432,480520,PostgreSQL JDBC Driver
18,OC_SPB_IN_001,OC_SPB_IN_001_Validate_Data,OC_SPB_IN_001_VALID_DATA,01.00.0000,DBFH7otmEfG5afcGVCuQhA,98573627-ora021,oic98573627-ocuocictrng30-ld,https://oic98573627-ocuocictrng30-ld.integration.uk-london-1.ocp.oraclecloud.com,STARTED,2026-07-29 21:26:23.358624,postgres,postgres,postgres,2406:da14:271:9902:56bb:1ef9:9329:dbff,56652,2406:da14:1772:ea00:4e52:d3e0:afd8:5271,5432,480520,PostgreSQL JDBC Driver
19,OC_SPB_IN_001,OC_SPB_IN_001_Validate_Data,OC_SPB_IN_001_VALID_DATA,01.00.0000,DBFH7otmEfG5afcGVCuQhA,98573627-ora021,oic98573627-ocuocictrng30-ld,https://oic98573627-ocuocictrng30-ld.integration.uk-london-1.ocp.oraclecloud.com,ENDED,2026-07-29 21:26:25.461766,postgres,postgres,postgres,2406:da14:271:9902:56bb:1ef9:9329:dbff,56652,2406:da14:1772:ea00:4e52:d3e0:afd8:5271,5432,480520,PostgreSQL JDBC Driver
20,OC_SPB_IN_001,OC_SPB_IN_001_Validate_Data,OC_SPB_IN_001_VALID_DATA,01.00.0000,XjzlRItmEfGL0bOVnvlXmA,98573627-ora021,oic98573627-ocuocictrng30-ld,https://oic98573627-ocuocictrng30-ld.integration.uk-london-1.ocp.oraclecloud.com,STARTED,2026-07-29 21:28:41.125587,postgres,postgres,postgres,2406:da14:271:9902:56bb:1ef9:9329:dbff,56652,2406:da14:1772:ea00:4e52:d3e0:afd8:5271,5432,480520,PostgreSQL JDBC Driver
21,OC_SPB_IN_001,OC_SPB_IN_001_Validate_Data,OC_SPB_IN_001_VALID_DATA,01.00.0000,XjzlRItmEfGL0bOVnvlXmA,98573627-ora021,oic98573627-ocuocictrng30-ld,https://oic98573627-ocuocictrng30-ld.integration.uk-london-1.ocp.oraclecloud.com,ENDED,2026-07-29 21:28:43.886461,postgres,postgres,postgres,2406:da14:271:9902:56bb:1ef9:9329:dbff,56652,2406:da14:1772:ea00:4e52:d3e0:afd8:5271,5432,480520,PostgreSQL JDBC Driver
22,OC_SPB_IN_001,OC_SPB_IN_001_Validate_Data,OC_SPB_IN_001_VALID_DATA,01.00.0000,lj1wk4tmEfGAZaWl2uk7sw,98573627-ora021,oic98573627-ocuocictrng30-ld,https://oic98573627-ocuocictrng30-ld.integration.uk-london-1.ocp.oraclecloud.com,STARTED,2026-07-29 21:30:15.110877,postgres,postgres,postgres,2406:da14:271:9902:56bb:1ef9:9329:dbff,56652,2406:da14:1772:ea00:4e52:d3e0:afd8:5271,5432,480520,PostgreSQL JDBC Driver
23,OC_SPB_IN_001,OC_SPB_IN_001_Validate_Data,OC_SPB_IN_001_VALID_DATA,01.00.0000,lj1wk4tmEfGAZaWl2uk7sw,98573627-ora021,oic98573627-ocuocictrng30-ld,https://oic98573627-ocuocictrng30-ld.integration.uk-london-1.ocp.oraclecloud.com,ENDED,2026-07-29 21:30:16.92064,postgres,postgres,postgres,2406:da14:271:9902:56bb:1ef9:9329:dbff,56652,2406:da14:1772:ea00:4e52:d3e0:afd8:5271,5432,480520,PostgreSQL JDBC Driver
24,OC_SPB_IN_001,OC_SPB_IN_001_Validate_Data,OC_SPB_IN_001_VALID_DATA,01.00.0000,6CIZ0ItmEfG5afcGVCuQhA,98573627-ora021,oic98573627-ocuocictrng30-ld,https://oic98573627-ocuocictrng30-ld.integration.uk-london-1.ocp.oraclecloud.com,STARTED,2026-07-29 21:32:32.562124,postgres,postgres,postgres,2406:da14:271:9902:56bb:1ef9:9329:dbff,56652,2406:da14:1772:ea00:4e52:d3e0:afd8:5271,5432,480520,PostgreSQL JDBC Driver
25,OC_SPB_IN_001,OC_SPB_IN_001_Validate_Data,OC_SPB_IN_001_VALID_DATA,01.00.0000,6CIZ0ItmEfG5afcGVCuQhA,98573627-ora021,oic98573627-ocuocictrng30-ld,https://oic98573627-ocuocictrng30-ld.integration.uk-london-1.ocp.oraclecloud.com,ENDED,2026-07-29 21:32:34.890458,postgres,postgres,postgres,2406:da14:271:9902:56bb:1ef9:9329:dbff,56652,2406:da14:1772:ea00:4e52:d3e0:afd8:5271,5432,480520,PostgreSQL JDBC Driver
26,INT_HDL_IN_001,HCM_ELEM_HDL_LOAD,HCM_ELEM_HDL_LOAD,01.00.0000,-E-XAIuGEfGL0bOVnvlXmA,98573627-ora021,oic98573627-ocuocictrng30-ld,https://oic98573627-ocuocictrng30-ld.integration.uk-london-1.ocp.oraclecloud.com,SUCCESS,2026-07-30 12:04:42.21234,postgres,postgres,postgres,2406:da14:271:9902:56bb:1ef9:9329:dbff,56652,2406:da14:1772:ea00:4e52:d3e0:afd8:5271,5432,480520,PostgreSQL JDBC Driver
27,OC_SPB_OB_001,OC_SPB_OB_001_SuperbaseLogsCleaner,OC_SPB_OB_001_SPB_LOG_CLAN,01.00.0000,8QK2JIvuEfGMCI3DebGvYQ,98573627-ora021,oic98573627-ocuocictrng30-ld,https://oic98573627-ocuocictrng30-ld.integration.uk-london-1.ocp.oraclecloud.com,STARTED,2026-07-30 13:46:23.10589,postgres,postgres,postgres,2406:da14:271:9902:56bb:1ef9:9329:dbff,56652,2406:da14:1772:ea00:4e52:d3e0:afd8:5271,5432,480520,PostgreSQL JDBC Driver
28,OC_SPB_OB_001,OC_SPB_OB_001_SuperbaseLogsCleaner,OC_SPB_OB_001_SPB_LOG_CLAN,01.00.0000,Ik4wWYvvEfGMCI3DebGvYQ,98573627-ora021,oic98573627-ocuocictrng30-ld,https://oic98573627-ocuocictrng30-ld.integration.uk-london-1.ocp.oraclecloud.com,STARTED,2026-07-30 13:47:41.920168,postgres,postgres,postgres,2406:da14:271:9902:56bb:1ef9:9329:dbff,56652,2406:da14:1772:ea00:4e52:d3e0:afd8:5271,5432,480520,PostgreSQL JDBC Driver
29,OC_SPB_OB_001,OC_SPB_OB_001_SuperbaseLogsCleaner,OC_SPB_OB_001_SPB_LOG_CLAN,01.00.0000,aX1zFov6EfGMCI3DebGvYQ,98573627-ora021,oic98573627-ocuocictrng30-ld,https://oic98573627-ocuocictrng30-ld.integration.uk-london-1.ocp.oraclecloud.com,STARTED,2026-07-30 15:08:25.950604,postgres,postgres,postgres,2406:da14:271:9902:56bb:1ef9:9329:dbff,56652,2406:da14:1772:ea00:4e52:d3e0:afd8:5271,5432,480520,PostgreSQL JDBC Driver
30,OC_SPB_OB_001,OC_SPB_OB_001_SuperbaseLogsCleaner,OC_SPB_OB_001_SPB_LOG_CLAN,01.00.0000,aX1zFov6EfGMCI3DebGvYQ,98573627-ora021,oic98573627-ocuocictrng30-ld,https://oic98573627-ocuocictrng30-ld.integration.uk-london-1.ocp.oraclecloud.com,ENDED,2026-07-30 15:08:27.464337,postgres,postgres,postgres,2406:da14:271:9902:56bb:1ef9:9329:dbff,56652,2406:da14:1772:ea00:4e52:d3e0:afd8:5271,5432,480520,PostgreSQL JDBC Driver
31,OC_SPB_OB_001,OC_SPB_OB_001_SuperbaseLogs,OC_SPB_OB_001_SPB_LOG_CLAN,01.00.0000,jrt9Hov7EfGsYi36NKdwjg,98573627-ora021,oic98573627-ocuocictrng30-ld,https://oic98573627-ocuocictrng30-ld.integration.uk-london-1.ocp.oraclecloud.com,STARTED,2026-07-30 18:00:02.24056,postgres,postgres,postgres,2406:da14:271:9902:56bb:1ef9:9329:dbff,56652,2406:da14:1772:ea00:4e52:d3e0:afd8:5271,5432,480520,PostgreSQL JDBC Driver
32,OC_SPB_OB_001,OC_SPB_OB_001_SuperbaseLogs,OC_SPB_OB_001_SPB_LOG_CLAN,01.00.0000,jrt9Hov7EfGsYi36NKdwjg,98573627-ora021,oic98573627-ocuocictrng30-ld,https://oic98573627-ocuocictrng30-ld.integration.uk-london-1.ocp.oraclecloud.com,ENDED,2026-07-30 18:00:04.128949,postgres,postgres,postgres,2406:da14:271:9902:56bb:1ef9:9329:dbff,56652,2406:da14:1772:ea00:4e52:d3e0:afd8:5271,5432,480520,PostgreSQL JDBC Driver
33,OC_SPB_OB_001,OC_SPB_OB_001_SuperbaseLogs,OC_SPB_OB_001_SPB_LOG_CLAN,01.00.0000,VbeXy4wwEfGsYi36NKdwjg,98573627-ora021,oic98573627-ocuocictrng30-ld,https://oic98573627-ocuocictrng30-ld.integration.uk-london-1.ocp.oraclecloud.com,STARTED,2026-07-30 21:34:29.203569,postgres,postgres,postgres,2406:da14:271:9902:56bb:1ef9:9329:dbff,56652,2406:da14:1772:ea00:4e52:d3e0:afd8:5271,5432,480520,PostgreSQL JDBC Driver
34,OC_SPB_OB_001,OC_SPB_OB_001_SuperbaseLogs,OC_SPB_OB_001_SPB_LOG_CLAN,01.00.0000,VbeXy4wwEfGsYi36NKdwjg,98573627-ora021,oic98573627-ocuocictrng30-ld,https://oic98573627-ocuocictrng30-ld.integration.uk-london-1.ocp.oraclecloud.com,ENDED,2026-07-30 21:34:30.715201,postgres,postgres,postgres,2406:da14:271:9902:56bb:1ef9:9329:dbff,56652,2406:da14:1772:ea00:4e52:d3e0:afd8:5271,5432,480520,PostgreSQL JDBC Driver
35,OC_SPB_OB_001,OC_SPB_OB_001_SuperbaseLogs,OC_SPB_OB_001_SPB_LOG_CLAN,01.00.0000,ZC2p54wSEfGsYi36NKdwjg,98573627-ora021,oic98573627-ocuocictrng30-ld,https://oic98573627-ocuocictrng30-ld.integration.uk-london-1.ocp.oraclecloud.com,STARTED,2026-07-31 00:00:03.505604,postgres,postgres,postgres,2406:da14:271:9902:56bb:1ef9:9329:dbff,56652,2406:da14:1772:ea00:4e52:d3e0:afd8:5271,5432,480520,PostgreSQL JDBC Driver
36,OC_SPB_OB_001,OC_SPB_OB_001_SuperbaseLogs,OC_SPB_OB_001_SPB_LOG_CLAN,01.00.0000,ZC2p54wSEfGsYi36NKdwjg,98573627-ora021,oic98573627-ocuocictrng30-ld,https://oic98573627-ocuocictrng30-ld.integration.uk-london-1.ocp.oraclecloud.com,ENDED,2026-07-31 00:00:05.451212,postgres,postgres,postgres,2406:da14:271:9902:56bb:1ef9:9329:dbff,56652,2406:da14:1772:ea00:4e52:d3e0:afd8:5271,5432,480520,PostgreSQL JDBC Driver
37,OC_SPB_OB_001,OC_SPB_OB_001_SuperbaseLogs,OC_SPB_OB_001_SPB_LOG_CLAN,01.00.0000,r5S4S4xEEfGsYi36NKdwjg,98573627-ora021,oic98573627-ocuocictrng30-ld,https://oic98573627-ocuocictrng30-ld.integration.uk-london-1.ocp.oraclecloud.com,STARTED,2026-07-31 06:00:01.002222,postgres,postgres,postgres,2406:da14:271:9902:56bb:1ef9:9329:dbff,56652,2406:da14:1772:ea00:4e52:d3e0:afd8:5271,5432,480520,PostgreSQL JDBC Driver
39,OC_SPB_OB_001,OC_SPB_OB_001_SuperbaseLogs,OC_SPB_OB_001_SPB_LOG_CLAN,01.00.0000,dfISpYyvEfGsYi36NKdwjg,98573627-ora021,oic98573627-ocuocictrng30-ld,https://oic98573627-ocuocictrng30-ld.integration.uk-london-1.ocp.oraclecloud.com,STARTED,2026-07-31 12:44:25.934912,postgres,postgres,postgres,2406:da14:271:9902:56bb:1ef9:9329:dbff,56652,2406:da14:1772:ea00:4e52:d3e0:afd8:5271,5432,480520,PostgreSQL JDBC Driver
40,OC_SPB_OB_001,OC_SPB_OB_001_SuperbaseLogs,OC_SPB_OB_001_SPB_LOG_CLAN,01.00.0000,dfISpYyvEfGsYi36NKdwjg,98573627-ora021,oic98573627-ocuocictrng30-ld,https://oic98573627-ocuocictrng30-ld.integration.uk-london-1.ocp.oraclecloud.com,ENDED,2026-07-31 12:44:29.688014,postgres,postgres,postgres,2406:da14:271:9902:56bb:1ef9:9329:dbff,56652,2406:da14:1772:ea00:4e52:d3e0:afd8:5271,5432,480520,PostgreSQL JDBC Driver
44,OC_SPB_OB_001,OC_SPB_OB_001_SuperbaseLogs,OC_SPB_OB_001_SPB_LOG_CLAN,01.00.0000,awvZaYyvEfGsYi36NKdwjg,98573627-ora021,oic98573627-ocuocictrng30-ld,https://oic98573627-ocuocictrng30-ld.integration.uk-london-1.ocp.oraclecloud.com,ENDED,2026-07-31 15:00:05.215246,postgres,postgres,postgres,2406:da14:271:9902:56bb:1ef9:9329:dbff,60142,2406:da14:1772:ea00:4e52:d3e0:afd8:5271,5432,658091,PostgreSQL JDBC Driver
49,INT_HDL_IN_001,HCM_ELEM_HDL_LOAD,HCM_ELEM_HDL_LOAD,01.00.0000,BEcMNYzaEfG5afcGVCuQhA,98573627-ora021,oic98573627-ocuocictrng30-ld,https://oic98573627-ocuocictrng30-ld.integration.uk-london-1.ocp.oraclecloud.com,SUCCESS,2026-07-31 17:51:12.222252,postgres,postgres,postgres,2406:da14:271:9902:56bb:1ef9:9329:dbff,41406,2406:da14:1772:ea00:4e52:d3e0:afd8:5271,5432,669757,PostgreSQL JDBC Driver
50,OC_SPB_OB_001,OC_SPB_OB_001_SuperbaseLogs,OC_SPB_OB_001_SPB_LOG_CLAN,01.00.0000,aiPvlYzCEfGsYi36NKdwjg,98573627-ora021,oic98573627-ocuocictrng30-ld,https://oic98573627-ocuocictrng30-ld.integration.uk-london-1.ocp.oraclecloud.com,STARTED,2026-07-31 18:00:02.433979,postgres,postgres,postgres,2406:da14:271:9902:56bb:1ef9:9329:dbff,33784,2406:da14:1772:ea00:4e52:d3e0:afd8:5271,5432,670515,Supavisor
52,OC_SPB_OB_001,OC_SPB_OB_001_SuperbaseLogs,OC_SPB_OB_001_SPB_LOG_CLAN,01.00.0000,kQMSLYzbEfGsYi36NKdwjg,98573627-ora021,oic98573627-ocuocictrng30-ld,https://oic98573627-ocuocictrng30-ld.integration.uk-london-1.ocp.oraclecloud.com,STARTED,2026-07-31 21:00:02.745062,postgres,postgres,postgres,2406:da14:271:9902:56bb:1ef9:9329:dbff,37954,2406:da14:1772:ea00:4e52:d3e0:afd8:5271,5432,674613,Supavisor
53,OC_SPB_OB_001,OC_SPB_OB_001_SuperbaseLogs,OC_SPB_OB_001_SPB_LOG_CLAN,01.00.0000,kQMSLYzbEfGsYi36NKdwjg,98573627-ora021,oic98573627-ocuocictrng30-ld,https://oic98573627-ocuocictrng30-ld.integration.uk-london-1.ocp.oraclecloud.com,ENDED,2026-07-31 21:00:04.482388,postgres,postgres,postgres,2406:da14:271:9902:56bb:1ef9:9329:dbff,37954,2406:da14:1772:ea00:4e52:d3e0:afd8:5271,5432,674613,Supavisor
54,OC_SPB_OB_001,OC_SPB_OB_001_SuperbaseLogs,OC_SPB_OB_001_SPB_LOG_CLAN,01.00.0000,tD9rnIz0EfGsYi36NKdwjg,98573627-ora021,oic98573627-ocuocictrng30-ld,https://oic98573627-ocuocictrng30-ld.integration.uk-london-1.ocp.oraclecloud.com,STARTED,2026-08-01 00:00:02.073211,postgres,postgres,postgres,2406:da14:271:9902:56bb:1ef9:9329:dbff,37954,2406:da14:1772:ea00:4e52:d3e0:afd8:5271,5432,674613,Supavisor
55,OC_SPB_OB_001,OC_SPB_OB_001_SuperbaseLogs,OC_SPB_OB_001_SPB_LOG_CLAN,01.00.0000,tD9rnIz0EfGsYi36NKdwjg,98573627-ora021,oic98573627-ocuocictrng30-ld,https://oic98573627-ocuocictrng30-ld.integration.uk-london-1.ocp.oraclecloud.com,ENDED,2026-08-01 00:00:04.557657,postgres,postgres,postgres,2406:da14:271:9902:56bb:1ef9:9329:dbff,37954,2406:da14:1772:ea00:4e52:d3e0:afd8:5271,5432,674613,Supavisor
56,OC_SPB_OB_001,OC_SPB_OB_001_SuperbaseLogs,OC_SPB_OB_001_SPB_LOG_CLAN,01.00.0000,2ZkmqY0NEfGsYi36NKdwjg,98573627-ora021,oic98573627-ocuocictrng30-ld,https://oic98573627-ocuocictrng30-ld.integration.uk-london-1.ocp.oraclecloud.com,STARTED,2026-08-01 03:00:01.135477,postgres,postgres,postgres,2406:da14:271:9902:56bb:1ef9:9329:dbff,37954,2406:da14:1772:ea00:4e52:d3e0:afd8:5271,5432,674613,Supavisor
57,OC_SPB_OB_001,OC_SPB_OB_001_SuperbaseLogs,OC_SPB_OB_001_SPB_LOG_CLAN,01.00.0000,2ZkmqY0NEfGsYi36NKdwjg,98573627-ora021,oic98573627-ocuocictrng30-ld,https://oic98573627-ocuocictrng30-ld.integration.uk-london-1.ocp.oraclecloud.com,ENDED,2026-08-01 03:00:03.32268,postgres,postgres,postgres,2406:da14:271:9902:56bb:1ef9:9329:dbff,37954,2406:da14:1772:ea00:4e52:d3e0:afd8:5271,5432,674613,Supavisor
58,OC_SPB_OB_001,OC_SPB_OB_001_SuperbaseLogs,OC_SPB_OB_001_SPB_LOG_CLAN,01.00.0000,_ii0eY0mEfGsYi36NKdwjg,98573627-ora021,oic98573627-ocuocictrng30-ld,https://oic98573627-ocuocictrng30-ld.integration.uk-london-1.ocp.oraclecloud.com,STARTED,2026-08-01 06:00:01.708981,postgres,postgres,postgres,2406:da14:271:9902:56bb:1ef9:9329:dbff,37954,2406:da14:1772:ea00:4e52:d3e0:afd8:5271,5432,674613,Supavisor
59,OC_SPB_OB_001,OC_SPB_OB_001_SuperbaseLogs,OC_SPB_OB_001_SPB_LOG_CLAN,01.00.0000,_ii0eY0mEfGsYi36NKdwjg,98573627-ora021,oic98573627-ocuocictrng30-ld,https://oic98573627-ocuocictrng30-ld.integration.uk-london-1.ocp.oraclecloud.com,ENDED,2026-08-01 06:00:06.265479,postgres,postgres,postgres,2406:da14:271:9902:56bb:1ef9:9329:dbff,37954,2406:da14:1772:ea00:4e52:d3e0:afd8:5271,5432,674613,PostgreSQL JDBC Driver
60,OC_SPB_OB_001,OC_SPB_OB_001_SuperbaseLogs,OC_SPB_OB_001_SPB_LOG_CLAN,01.00.0000,JTUogo1AEfGsYi36NKdwjg,98573627-ora021,oic98573627-ocuocictrng30-ld,https://oic98573627-ocuocictrng30-ld.integration.uk-london-1.ocp.oraclecloud.com,STARTED,2026-08-01 09:00:03.647111,postgres,postgres,postgres,2406:da14:271:9902:56bb:1ef9:9329:dbff,37954,2406:da14:1772:ea00:4e52:d3e0:afd8:5271,5432,674613,PostgreSQL JDBC Driver
61,OC_SPB_OB_001,OC_SPB_OB_001_SuperbaseLogs,OC_SPB_OB_001_SPB_LOG_CLAN,01.00.0000,JTUogo1AEfGsYi36NKdwjg,98573627-ora021,oic98573627-ocuocictrng30-ld,https://oic98573627-ocuocictrng30-ld.integration.uk-london-1.ocp.oraclecloud.com,ENDED,2026-08-01 09:00:05.375681,postgres,postgres,postgres,2406:da14:271:9902:56bb:1ef9:9329:dbff,37954,2406:da14:1772:ea00:4e52:d3e0:afd8:5271,5432,674613,PostgreSQL JDBC Driver
62,OC_SPB_OB_001,OC_SPB_OB_001_SuperbaseLogs,OC_SPB_OB_001_SPB_LOG_CLAN,01.00.0000,Sf14341ZEfGsYi36NKdwjg,98573627-ora021,oic98573627-ocuocictrng30-ld,https://oic98573627-ocuocictrng30-ld.integration.uk-london-1.ocp.oraclecloud.com,STARTED,2026-08-01 12:00:02.246563,postgres,postgres,postgres,2406:da14:271:9902:56bb:1ef9:9329:dbff,37954,2406:da14:1772:ea00:4e52:d3e0:afd8:5271,5432,674613,PostgreSQL JDBC Driver
63,OC_SPB_OB_001,OC_SPB_OB_001_SuperbaseLogs,OC_SPB_OB_001_SPB_LOG_CLAN,01.00.0000,Sf14341ZEfGsYi36NKdwjg,98573627-ora021,oic98573627-ocuocictrng30-ld,https://oic98573627-ocuocictrng30-ld.integration.uk-london-1.ocp.oraclecloud.com,ENDED,2026-08-01 12:00:03.964576,postgres,postgres,postgres,2406:da14:271:9902:56bb:1ef9:9329:dbff,37954,2406:da14:1772:ea00:4e52:d3e0:afd8:5271,5432,674613,PostgreSQL JDBC Driver
64,OC_SPB_OB_001,OC_SPB_OB_001_SuperbaseLogs,OC_SPB_OB_001_SPB_LOG_CLAN,01.00.0000,bnM9JI1yEfGsYi36NKdwjg,98573627-ora021,oic98573627-ocuocictrng30-ld,https://oic98573627-ocuocictrng30-ld.integration.uk-london-1.ocp.oraclecloud.com,STARTED,2026-08-01 15:00:02.018184,postgres,postgres,postgres,2406:da14:271:9902:56bb:1ef9:9329:dbff,37954,2406:da14:1772:ea00:4e52:d3e0:afd8:5271,5432,674613,PostgreSQL JDBC Driver
65,OC_SPB_OB_001,OC_SPB_OB_001_SuperbaseLogs,OC_SPB_OB_001_SPB_LOG_CLAN,01.00.0000,bnM9JI1yEfGsYi36NKdwjg,98573627-ora021,oic98573627-ocuocictrng30-ld,https://oic98573627-ocuocictrng30-ld.integration.uk-london-1.ocp.oraclecloud.com,ENDED,2026-08-01 15:00:06.405217,postgres,postgres,postgres,2406:da14:271:9902:56bb:1ef9:9329:dbff,37954,2406:da14:1772:ea00:4e52:d3e0:afd8:5271,5432,674613,PostgreSQL JDBC Driver
66,OC_SPB_OB_001,OC_SPB_OB_001_SuperbaseLogs,OC_SPB_OB_001_SPB_LOG_CLAN,01.00.0000,lTWIGo2LEfGsYi36NKdwjg,98573627-ora021,oic98573627-ocuocictrng30-ld,https://oic98573627-ocuocictrng30-ld.integration.uk-london-1.ocp.oraclecloud.com,ENDED,2026-08-01 18:00:05.858341,postgres,postgres,postgres,2406:da14:271:9902:56bb:1ef9:9329:dbff,37954,2406:da14:1772:ea00:4e52:d3e0:afd8:5271,5432,674613,PostgreSQL JDBC Driver
67,OC_SPB_OB_001,OC_SPB_OB_001_SuperbaseLogs,OC_SPB_OB_001_SPB_LOG_CLAN,01.00.0000,ulfgYI2kEfGsYi36NKdwjg,98573627-ora021,oic98573627-ocuocictrng30-ld,https://oic98573627-ocuocictrng30-ld.integration.uk-london-1.ocp.oraclecloud.com,STARTED,2026-08-01 21:00:02.882864,postgres,postgres,postgres,2406:da14:271:9902:56bb:1ef9:9329:dbff,43004,2406:da14:1772:ea00:4e52:d3e0:afd8:5271,5432,6632,PostgreSQL JDBC Driver
68,OC_SPB_OB_001,OC_SPB_OB_001_SuperbaseLogs,OC_SPB_OB_001_SPB_LOG_CLAN,01.00.0000,ulfgYI2kEfGsYi36NKdwjg,98573627-ora021,oic98573627-ocuocictrng30-ld,https://oic98573627-ocuocictrng30-ld.integration.uk-london-1.ocp.oraclecloud.com,ENDED,2026-08-01 21:00:08.699169,postgres,postgres,postgres,2406:da14:271:9902:56bb:1ef9:9329:dbff,43004,2406:da14:1772:ea00:4e52:d3e0:afd8:5271,5432,6632,PostgreSQL JDBC Driver
69,OC_SPB_OB_001,OC_SPB_OB_001_SuperbaseLogs,OC_SPB_OB_001_SPB_LOG_CLAN,01.00.0000,4QYHJ429EfGsYi36NKdwjg,98573627-ora021,oic98573627-ocuocictrng30-ld,https://oic98573627-ocuocictrng30-ld.integration.uk-london-1.ocp.oraclecloud.com,STARTED,2026-08-02 00:00:01.22533,postgres,postgres,postgres,2406:da14:271:9902:56bb:1ef9:9329:dbff,43004,2406:da14:1772:ea00:4e52:d3e0:afd8:5271,5432,6632,PostgreSQL JDBC Driver
72,OC_SPB_OB_001,OC_SPB_OB_001_SuperbaseLogs,OC_SPB_OB_001_SPB_LOG_CLAN,01.00.0000,NZK05o3lEfGsYi36NKdwjg,98573627-ora021,oic98573627-ocuocictrng30-ld,https://oic98573627-ocuocictrng30-ld.integration.uk-london-1.ocp.oraclecloud.com,ENDED,2026-08-02 01:41:48.968285,postgres,postgres,postgres,2406:da14:271:9902:56bb:1ef9:9329:dbff,43524,2406:da14:1772:ea00:4e52:d3e0:afd8:5271,5432,25931,PostgreSQL JDBC Driver
73,OC_SPB_OB_001,OC_SPB_OB_001_SuperbaseLogs,OC_SPB_OB_001_SPB_LOG_CLAN,01.00.0000,pZ-W243mEfGMCI3DebGvYQ,98573627-ora021,oic98573627-ocuocictrng30-ld,https://oic98573627-ocuocictrng30-ld.integration.uk-london-1.ocp.oraclecloud.com,STARTED,2026-08-02 01:51:59.350462,postgres,postgres,postgres,2406:da14:271:9902:56bb:1ef9:9329:dbff,50750,2406:da14:1772:ea00:4e52:d3e0:afd8:5271,5432,26729,PostgreSQL JDBC Driver
74,OC_SPB_OB_001,OC_SPB_OB_001_SuperbaseLogs,OC_SPB_OB_001_SPB_LOG_CLAN,01.00.0000,pZ-W243mEfGMCI3DebGvYQ,98573627-ora021,oic98573627-ocuocictrng30-ld,https://oic98573627-ocuocictrng30-ld.integration.uk-london-1.ocp.oraclecloud.com,ENDED,2026-08-02 01:52:00.847588,postgres,postgres,postgres,2406:da14:271:9902:56bb:1ef9:9329:dbff,50750,2406:da14:1772:ea00:4e52:d3e0:afd8:5271,5432,26729,PostgreSQL JDBC Driver
76,OC_SPB_OB_001,OC_SPB_OB_001_SuperbaseLogs,OC_SPB_OB_001_SPB_LOG_CLAN,01.00.0000,sSYHs43mEfGMCI3DebGvYQ,98573627-ora021,oic98573627-ocuocictrng30-ld,https://oic98573627-ocuocictrng30-ld.integration.uk-london-1.ocp.oraclecloud.com,ENDED,2026-08-02 01:52:22.470008,postgres,postgres,postgres,2406:da14:271:9902:56bb:1ef9:9329:dbff,50750,2406:da14:1772:ea00:4e52:d3e0:afd8:5271,5432,26729,PostgreSQL JDBC Driver
77,OC_SPB_OB_001,OC_SPB_OB_001_SuperbaseLogs,OC_SPB_OB_001_SPB_LOG_CLAN,01.00.0000,uFCifY3nEfGsYi36NKdwjg,98573627-ora021,oic98573627-ocuocictrng30-ld,https://oic98573627-ocuocictrng30-ld.integration.uk-london-1.ocp.oraclecloud.com,STARTED,2026-08-02 01:59:49.949962,postgres,postgres,postgres,2406:da14:271:9902:56bb:1ef9:9329:dbff,56094,2406:da14:1772:ea00:4e52:d3e0:afd8:5271,5432,27490,Supavisor
80,OC_SPB_OB_001,OC_SPB_OB_001_SuperbaseLogs,OC_SPB_OB_001_SPB_LOG_CLAN,01.00.0000,DcLNhI3qEfGsYi36NKdwjg,98573627-ora021,oic98573627-ocuocictrng30-ld,https://oic98573627-ocuocictrng30-ld.integration.uk-london-1.ocp.oraclecloud.com,SUCCESS,2026-08-02 02:16:23.527174,postgres,postgres,postgres,2406:da14:271:9902:56bb:1ef9:9329:dbff,34798,2406:da14:1772:ea00:4e52:d3e0:afd8:5271,5432,28192,PostgreSQL JDBC Driver
85,OC_SPB_OB_001,OC_SPB_OB_001_SuperbaseLogs,OC_SPB_OB_001_SPB_LOG_CLAN,01.00.0000,ZxU1go3rEfGsYi36NKdwjg,98573627-ora021,oic98573627-ocuocictrng30-ld,https://oic98573627-ocuocictrng30-ld.integration.uk-london-1.ocp.oraclecloud.com,SUCCESS,2026-08-02 02:26:02.666412,postgres,postgres,postgres,2406:da14:271:9902:56bb:1ef9:9329:dbff,38794,2406:da14:1772:ea00:4e52:d3e0:afd8:5271,5432,29090,PostgreSQL JDBC Driver
91,OC_SPB_OB_001,OC_SPB_OB_001_SuperbaseLogs,OC_SPB_OB_001_SPB_LOG_CLAN,01.00.0000,KJJ0cY3wEfGsYi36NKdwjg,98573627-ora021,oic98573627-ocuocictrng30-ld,https://oic98573627-ocuocictrng30-ld.integration.uk-london-1.ocp.oraclecloud.com,SUCCESS,2026-08-02 03:30:04.003767,postgres,postgres,postgres,2406:da14:271:9902:56bb:1ef9:9329:dbff,36826,2406:da14:1772:ea00:4e52:d3e0:afd8:5271,5432,34524,Supavisor
97,OC_SPB_OB_001,OC_SPB_OB_001_SuperbaseLogs,OC_SPB_OB_001_SPB_LOG_CLAN,01.00.0000,TdbScY4JEfGsYi36NKdwjg,98573627-ora021,oic98573627-ocuocictrng30-ld,https://oic98573627-ocuocictrng30-ld.integration.uk-london-1.ocp.oraclecloud.com,SUCCESS,2026-08-02 06:30:04.233411,postgres,postgres,postgres,2406:da14:271:9902:56bb:1ef9:9329:dbff,35274,2406:da14:1772:ea00:4e52:d3e0:afd8:5271,5432,46941,Supavisor
101,OC_SPB_OB_001,OC_SPB_OB_001_SuperbaseLogs,OC_SPB_OB_001_SPB_LOG_CLAN,01.00.0000,EQ84t44aEfGsYi36NKdwjg,98573627-ora021,oic98573627-ocuocictrng30-ld,https://oic98573627-ocuocictrng30-ld.integration.uk-london-1.ocp.oraclecloud.com,SUCCESS,2026-08-02 08:30:02.395886,postgres,postgres,postgres,2406:da14:271:9902:56bb:1ef9:9329:dbff,38076,2406:da14:1772:ea00:4e52:d3e0:afd8:5271,5432,55208,Supavisor
104,OC_SPB_OB_001,OC_SPB_OB_001_SuperbaseLogs,OC_SPB_OB_001_SPB_LOG_CLAN,01.00.0000,p7Vjuo4mEfGsYi36NKdwjg,98573627-ora021,oic98573627-ocuocictrng30-ld,https://oic98573627-ocuocictrng30-ld.integration.uk-london-1.ocp.oraclecloud.com,SUCCESS,2026-08-02 10:00:03.55978,postgres,postgres,postgres,2406:da14:271:9902:56bb:1ef9:9329:dbff,53488,2406:da14:1772:ea00:4e52:d3e0:afd8:5271,5432,61358,Supavisor
106,OC_SPB_OB_001,OC_SPB_OB_001_SuperbaseLogs,OC_SPB_OB_001_SPB_LOG_CLAN,01.00.0000,B2T1Y44vEfGsYi36NKdwjg,98573627-ora021,oic98573627-ocuocictrng30-ld,https://oic98573627-ocuocictrng30-ld.integration.uk-london-1.ocp.oraclecloud.com,SUCCESS,2026-08-02 11:00:03.039309,postgres,postgres,postgres,2406:da14:271:9902:56bb:1ef9:9329:dbff,46044,2406:da14:1772:ea00:4e52:d3e0:afd8:5271,5432,64752,Supavisor
107,OC_SPB_OB_001,OC_SPB_OB_001_SuperbaseLogs,OC_SPB_OB_001_SPB_LOG_CLAN,01.00.0000,No3gs44zEfGsYi36NKdwjg,98573627-ora021,oic98573627-ocuocictrng30-ld,https://oic98573627-ocuocictrng30-ld.integration.uk-london-1.ocp.oraclecloud.com,SUCCESS,2026-08-02 11:30:05.231981,postgres,postgres,postgres,2406:da14:271:9902:56bb:1ef9:9329:dbff,46044,2406:da14:1772:ea00:4e52:d3e0:afd8:5271,5432,64752,Supavisor
108,OC_SPB_OB_001,OC_SPB_OB_001_SuperbaseLogs,OC_SPB_OB_001_SPB_LOG_CLAN,01.00.0000,aXOGSo43EfGsYi36NKdwjg,98573627-ora021,oic98573627-ocuocictrng30-ld,https://oic98573627-ocuocictrng30-ld.integration.uk-london-1.ocp.oraclecloud.com,SUCCESS,2026-08-02 12:00:05.39996,postgres,postgres,postgres,2406:da14:271:9902:56bb:1ef9:9329:dbff,46044,2406:da14:1772:ea00:4e52:d3e0:afd8:5271,5432,64752,PostgreSQL JDBC Driver
109,OC_SPB_OB_001,OC_SPB_OB_001_SuperbaseLogs,OC_SPB_OB_001_SPB_LOG_CLAN,01.00.0000,maMydY47EfGsYi36NKdwjg,98573627-ora021,oic98573627-ocuocictrng30-ld,https://oic98573627-ocuocictrng30-ld.integration.uk-london-1.ocp.oraclecloud.com,SUCCESS,2026-08-02 12:30:04.082926,postgres,postgres,postgres,2406:da14:271:9902:56bb:1ef9:9329:dbff,46044,2406:da14:1772:ea00:4e52:d3e0:afd8:5271,5432,64752,PostgreSQL JDBC Driver
111,OC_SPB_OB_001,OC_SPB_OB_001_SuperbaseLogs,OC_SPB_OB_001_SPB_LOG_CLAN,01.00.0000,-b9CdY5DEfGsYi36NKdwjg,98573627-ora021,oic98573627-ocuocictrng30-ld,https://oic98573627-ocuocictrng30-ld.integration.uk-london-1.ocp.oraclecloud.com,SUCCESS,2026-08-02 13:30:05.238624,postgres,postgres,postgres,2406:da14:271:9902:56bb:1ef9:9329:dbff,46044,2406:da14:1772:ea00:4e52:d3e0:afd8:5271,5432,64752,PostgreSQL JDBC Driver
114,OC_SPB_OB_001,OC_SPB_OB_001_SuperbaseLogs,OC_SPB_OB_001_SPB_LOG_CLAN,01.00.0000,j7rVZo5QEfGsYi36NKdwjg,98573627-ora021,oic98573627-ocuocictrng30-ld,https://oic98573627-ocuocictrng30-ld.integration.uk-london-1.ocp.oraclecloud.com,SUCCESS,2026-08-02 15:00:02.981938,postgres,postgres,postgres,2406:da14:271:9902:56bb:1ef9:9329:dbff,33458,2406:da14:1772:ea00:4e52:d3e0:afd8:5271,5432,82059,Supavisor
116,OC_SPB_OB_001,OC_SPB_OB_001_SuperbaseLogs,OC_SPB_OB_001_SPB_LOG_CLAN,01.00.0000,8Ynr445YEfGsYi36NKdwjg,98573627-ora021,oic98573627-ocuocictrng30-ld,https://oic98573627-ocuocictrng30-ld.integration.uk-london-1.ocp.oraclecloud.com,SUCCESS,2026-08-02 16:00:03.993489,postgres,postgres,postgres,2406:da14:271:9902:56bb:1ef9:9329:dbff,51120,2406:da14:1772:ea00:4e52:d3e0:afd8:5271,5432,86161,Supavisor
117,OC_SPB_OB_001,OC_SPB_OB_001_SuperbaseLogs,OC_SPB_OB_001_SPB_LOG_CLAN,01.00.0000,IAQgn45dEfGsYi36NKdwjg,98573627-ora021,oic98573627-ocuocictrng30-ld,https://oic98573627-ocuocictrng30-ld.integration.uk-london-1.ocp.oraclecloud.com,SUCCESS,2026-08-02 16:30:03.138724,postgres,postgres,postgres,2406:da14:271:9902:56bb:1ef9:9329:dbff,50666,2406:da14:1772:ea00:4e52:d3e0:afd8:5271,5432,88206,Supavisor
120,OC_SPB_OB_001,OC_SPB_OB_001_SuperbaseLogs,OC_SPB_OB_001_SPB_LOG_CLAN,01.00.0000,tRhhUY5pEfGsYi36NKdwjg,98573627-ora021,oic98573627-ocuocictrng30-ld,https://oic98573627-ocuocictrng30-ld.integration.uk-london-1.ocp.oraclecloud.com,SUCCESS,2026-08-02 18:00:03.261876,postgres,postgres,postgres,2406:da14:271:9902:56bb:1ef9:9329:dbff,34762,2406:da14:1772:ea00:4e52:d3e0:afd8:5271,5432,94351,Supavisor
121,OC_SPB_OB_001,OC_SPB_OB_001_SuperbaseLogs,OC_SPB_OB_001_SPB_LOG_CLAN,01.00.0000,4xws6Y5tEfGsYi36NKdwjg,98573627-ora021,oic98573627-ocuocictrng30-ld,https://oic98573627-ocuocictrng30-ld.integration.uk-london-1.ocp.oraclecloud.com,SUCCESS,2026-08-02 18:30:04.308428,postgres,postgres,postgres,2406:da14:271:9902:56bb:1ef9:9329:dbff,56012,2406:da14:1772:ea00:4e52:d3e0:afd8:5271,5432,94358,Supavisor
122,OC_SPB_OB_001,OC_SPB_OB_001_SuperbaseLogs,OC_SPB_OB_001_SPB_LOG_CLAN,01.00.0000,FMArAI5yEfGsYi36NKdwjg,98573627-ora021,oic98573627-ocuocictrng30-ld,https://oic98573627-ocuocictrng30-ld.integration.uk-london-1.ocp.oraclecloud.com,SUCCESS,2026-08-02 19:00:01.716515,postgres,postgres,postgres,2406:da14:271:9902:56bb:1ef9:9329:dbff,56012,2406:da14:1772:ea00:4e52:d3e0:afd8:5271,5432,94358,Supavisor
123,OC_SPB_OB_001,OC_SPB_OB_001_SuperbaseLogs,OC_SPB_OB_001_SPB_LOG_CLAN,01.00.0000,Q-uHKo52EfGsYi36NKdwjg,98573627-ora021,oic98573627-ocuocictrng30-ld,https://oic98573627-ocuocictrng30-ld.integration.uk-london-1.ocp.oraclecloud.com,SUCCESS,2026-08-02 19:30:02.864331,postgres,postgres,postgres,2406:da14:271:9902:56bb:1ef9:9329:dbff,56012,2406:da14:1772:ea00:4e52:d3e0:afd8:5271,5432,94358,Supavisor
124,OC_SPB_OB_001,OC_SPB_OB_001_SuperbaseLogs,OC_SPB_OB_001_SPB_LOG_CLAN,01.00.0000,dY39d456EfGsYi36NKdwjg,98573627-ora021,oic98573627-ocuocictrng30-ld,https://oic98573627-ocuocictrng30-ld.integration.uk-london-1.ocp.oraclecloud.com,SUCCESS,2026-08-02 20:00:03.241555,postgres,postgres,postgres,2406:da14:271:9902:56bb:1ef9:9329:dbff,56012,2406:da14:1772:ea00:4e52:d3e0:afd8:5271,5432,94358,Supavisor
125,OC_SPB_OB_001,OC_SPB_OB_001_SuperbaseLogs,OC_SPB_OB_001_SPB_LOG_CLAN,01.00.0000,ppVtEY5-EfGsYi36NKdwjg,98573627-ora021,oic98573627-ocuocictrng30-ld,https://oic98573627-ocuocictrng30-ld.integration.uk-london-1.ocp.oraclecloud.com,SUCCESS,2026-08-02 20:30:04.244622,postgres,postgres,postgres,2406:da14:271:9902:56bb:1ef9:9329:dbff,56012,2406:da14:1772:ea00:4e52:d3e0:afd8:5271,5432,94358,Supavisor
126,OC_SPB_OB_001,OC_SPB_OB_001_SuperbaseLogs,OC_SPB_OB_001_SPB_LOG_CLAN,01.00.0000,2BGXT46CEfGsYi36NKdwjg,98573627-ora021,oic98573627-ocuocictrng30-ld,https://oic98573627-ocuocictrng30-ld.integration.uk-london-1.ocp.oraclecloud.com,SUCCESS,2026-08-02 21:00:03.116211,postgres,postgres,postgres,2406:da14:271:9902:56bb:1ef9:9329:dbff,56012,2406:da14:1772:ea00:4e52:d3e0:afd8:5271,5432,94358,Supavisor
127,OC_SPB_OB_001,OC_SPB_OB_001_SuperbaseLogs,OC_SPB_OB_001_SPB_LOG_CLAN,01.00.0000,CFVBdI6HEfGsYi36NKdwjg,98573627-ora021,oic98573627-ocuocictrng30-ld,https://oic98573627-ocuocictrng30-ld.integration.uk-london-1.ocp.oraclecloud.com,SUCCESS,2026-08-02 21:30:04.24973,postgres,postgres,postgres,2406:da14:271:9902:56bb:1ef9:9329:dbff,56012,2406:da14:1772:ea00:4e52:d3e0:afd8:5271,5432,94358,Supavisor
128,OC_SPB_OB_001,OC_SPB_OB_001_SuperbaseLogs,OC_SPB_OB_001_SPB_LOG_CLAN,01.00.0000,OdfTlY6LEfGsYi36NKdwjg,98573627-ora021,oic98573627-ocuocictrng30-ld,https://oic98573627-ocuocictrng30-ld.integration.uk-london-1.ocp.oraclecloud.com,SUCCESS,2026-08-02 22:00:03.077154,postgres,postgres,postgres,2406:da14:271:9902:56bb:1ef9:9329:dbff,56012,2406:da14:1772:ea00:4e52:d3e0:afd8:5271,5432,94358,Supavisor
129,OC_SPB_OB_001,OC_SPB_OB_001_SuperbaseLogs,OC_SPB_OB_001_SPB_LOG_CLAN,01.00.0000,mshJyo6TEfGsYi36NKdwjg,98573627-ora021,oic98573627-ocuocictrng30-ld,https://oic98573627-ocuocictrng30-ld.integration.uk-london-1.ocp.oraclecloud.com,SUCCESS,2026-08-02 23:00:03.867708,postgres,postgres,postgres,2406:da14:271:9902:56bb:1ef9:9329:dbff,56012,2406:da14:1772:ea00:4e52:d3e0:afd8:5271,5432,94358,Supavisor